"country_code","player","rank","match","round","player_id","scrape_time","date_of_birth","height_inches","weight_lbs","hand","exact_age","age","country","gender"
"ARG","Facundo Bagnis",NA,5,1,10,"2014-08-23 14:46:59",1990-02-27,72,180,"L",24.4845995893224,24,"Argentina","Mens"
"ARG","Leonardo Mayer",23,28,1,56,"2014-08-23 14:46:59",1987-05-15,74.015788,183,"R",27.27446954141,27,"Argentina","Mens"
"ARG","Diego Schwartzman",NA,1,1,2,"2014-08-23 14:46:59",1992-08-16,66.92917,140,"R",22.0177960301164,22,"Argentina","Mens"
"ARG","Federico Delbonis",NA,46,1,92,"2014-08-23 14:46:59",1990-10-05,74.80319,194,"L",23.8822724161533,23,"Argentina","Mens"
"ARG","Juan Monaco",NA,9,1,18,"2014-08-23 14:46:59",1984-03-29,72.834685,179,"R",30.4010951403149,30,"Argentina","Mens"
"ARG","Maximo Gonzalez",NA,3,1,5,"2014-08-23 14:46:59",1983-07-20,68.897675,154,"R",31.0937713894593,31,"Argentina","Mens"
"ARG","Carlos Berlocq",NA,50,1,99,"2014-08-23 14:46:59",1983-02-03,72.047283,165,"R",31.5509924709103,31,"Argentina","Mens"
"AUS","Lleyton Hewitt",NA,33,1,66,"2014-08-23 14:46:59",1981-02-24,70.86618,170,"R",33.492128678987,33,"Australia","Mens"
"AUS","Bernard Tomic",NA,47,1,93,"2014-08-23 14:46:59",1992-10-21,77.165396,201,"R",21.8370978781656,21,"Australia","Mens"
"AUS","Sam Groth",NA,63,1,126,"2014-08-23 14:46:59",1987-10-19,NA,215,"R",26.8446269678303,26,"Australia","Mens"
"AUS","Marinko Matosevic",NA,64,1,127,"2014-08-23 14:46:59",1985-08-08,75.984293,190,"R",29.0403832991102,29,"Australia","Mens"
"AUS","Nick Kyrgios",NA,21,1,42,"2014-08-23 14:46:59",1995-04-27,75.984293,171,"R",19.3237508555784,19,"Australia","Mens"
"AUS","Matthew Ebden",NA,27,1,53,"2014-08-23 14:46:59",1987-11-26,74.015788,172,"R",26.7405886379192,26,"Australia","Mens"
"AUT","Andreas Haider-Maurer",NA,60,1,119,"2014-08-23 14:46:59",1987-03-22,74.80319,196,"R",27.4223134839151,27,"Austria","Mens"
"AUT","Dominic Thiem",NA,39,1,78,"2014-08-23 14:46:59",1993-09-03,72.834685,180,"R",20.9691991786448,20,"Austria","Mens"
"AUT","Jurgen Melzer",NA,62,1,123,"2014-08-23 14:46:59",1981-05-22,72.047283,178,"L",33.2539356605065,33,"Austria","Mens"
"BEL","David Goffin",NA,51,1,102,"2014-08-23 14:46:59",1990-12-07,70.86618,150,"R",23.709787816564,23,"Belgium","Mens"
"BEL","Niels Desein",NA,51,1,101,"2014-08-23 14:46:59",1987-09-06,75,185,"R",26.9623545516769,26,"Belgium","Mens"
"BEL","Steve Darcis",NA,34,1,67,"2014-08-23 14:46:59",1984-03-13,70.078778,161,"R",30.444900752909,30,"Belgium","Mens"
"BIH","Damir Dzumhur",NA,48,1,95,"2014-08-23 14:46:59",1992-05-20,69,154,"R",22.258726899384,22,"Bosnia","Mens"
"BRA","Thomaz Bellucci",NA,18,1,35,"2014-08-23 14:46:59",1987-12-30,74.015788,181,"L",26.6475017111567,26,"Brazil","Mens"
"BUL","Grigor Dimitrov",7,49,1,97,"2014-08-23 14:46:59",1991-05-16,74.80319,176,"R",23.2717316906229,23,"Bulgaria","Mens"
"CAN","Vasek Pospisil",NA,23,1,46,"2014-08-23 14:46:59",1990-06-23,75.984293,185,"R",24.1670088980151,24,"Canada","Mens"
"CAN","Frank Dancevic",NA,52,1,103,"2014-08-23 14:46:59",1984-09-26,72.834685,175,"R",29.9055441478439,29,"Canada","Mens"
"CAN","Milos Raonic",5,32,1,64,"2014-08-23 14:46:59",1990-12-27,77.165396,218,"R",23.6550308008214,23,"Canada","Mens"
"COL","Alejandro Gonzalez",NA,54,1,107,"2014-08-23 14:46:59",1989-02-07,74.80319,182,"R",25.5386721423682,25,"Colombia","Mens"
"COL","Alejandro Falla",NA,20,1,39,"2014-08-23 14:46:59",1983-11-14,72.834685,169,"L",30.7734428473648,30,"Colombia","Mens"
"COL","Santiago Giraldo",27,36,1,72,"2014-08-23 14:46:59",1987-11-27,74.015788,166,"R",26.7378507871321,26,"Colombia","Mens"
"CRO","Ivo Karlovic",25,61,1,121,"2014-08-23 14:46:59",1979-02-28,83.070911,230,"R",35.482546201232,35,"Croatia","Mens"
"CRO","Ivan Dodig",NA,37,1,74,"2014-08-23 14:46:59",1985-01-02,72.047283,183,"R",29.637234770705,29,"Croatia","Mens"
"CRO","Borna Coric",NA,29,1,58,"2014-08-23 14:46:59",1999-11-14,73,174,"R",14.7734428473648,14,"Croatia","Mens"
"CRO","Marin Cilic",14,41,1,81,"2014-08-23 14:46:59",1988-09-28,77.952798,180,"R",25.9000684462697,25,"Croatia","Mens"
"CYP","Marcos Baghdatis",NA,41,1,82,"2014-08-23 14:46:59",1985-06-17,70.078778,181,"R",29.1827515400411,29,"Cypress","Mens"
"CZE","Radek Stepanek",NA,15,1,30,"2014-08-23 14:46:59",1978-11-27,72.834685,167,"R",35.7371663244353,35,"Czech Republic","Mens"
"CZE","Tomas Berdych",6,33,1,65,"2014-08-23 14:46:59",1985-09-17,77.165396,200,"R",28.9308692676249,28,"Czech Republic","Mens"
"CZE","Jiri Vesely",NA,17,1,34,"2014-08-23 14:46:59",1993-07-10,77.952798,198,"L",21.119780971937,21,"Czech Republic","Mens"
"CZE","Lukas Rosol",29,29,1,57,"2014-08-23 14:46:59",1985-07-24,77.165396,178,"R",29.0814510609172,29,"Czech Republic","Mens"
"DOM","Victor Estrella Burgos",NA,30,1,59,"2014-08-23 14:46:59",1980-08-02,68.110273,170,"R",34.0561259411362,34,"Dominican Republic","Mens"
"ESP","Albert Ramos-Vinolas",NA,63,1,125,"2014-08-23 14:46:59",1988-01-17,74.015788,177,"L",26.5982203969884,26,"Spain","Mens"
"ESP","David Ferrer",4,48,1,96,"2014-08-23 14:46:59",1982-04-02,68.897675,160,"R",32.3915126625599,32,"Spain","Mens"
"ESP","Pere Riba",NA,58,1,115,"2014-08-23 14:46:59",1988-04-07,72.047283,174,"R",26.3764544832307,26,"Spain","Mens"
"ESP","Daniel Gimeno-Traver",NA,6,1,12,"2014-08-23 14:46:59",1985-08-07,72.047283,176,"R",29.0431211498973,29,"Spain","Mens"
"ESP","Pablo Carreno Busta",NA,11,1,21,"2014-08-23 14:46:59",1991-07-12,74.015788,163,"R",23.1156741957563,23,"Spain","Mens"
"ESP","Feliciano Lopez",19,37,1,73,"2014-08-23 14:46:59",1981-09-20,74.015788,187,"L",32.9226557152635,32,"Spain","Mens"
"ESP","Albert Montanes",NA,28,1,55,"2014-08-23 14:46:59",1980-11-26,68.897675,155,"R",33.7385352498289,33,"Spain","Mens"
"ESP","Pablo Andujar",NA,26,1,51,"2014-08-23 14:46:59",1986-01-23,70.86618,167,"R",28.580424366872,28,"Spain","Mens"
"ESP","Marcel Granollers",NA,62,1,124,"2014-08-23 14:46:59",1986-04-12,74.80319,169,"R",28.3641341546886,28,"Spain","Mens"
"ESP","Roberto Bautista Agut",17,60,1,120,"2014-08-23 14:46:59",1988-04-14,72.047283,168,"R",26.3572895277207,26,"Spain","Mens"
"ESP","Tommy Robredo",16,24,1,48,"2014-08-23 14:46:59",1982-05-01,70.86618,165,"R",32.3121149897331,32,"Spain","Mens"
"ESP","Fernando Verdasco",31,13,1,25,"2014-08-23 14:46:59",1983-11-15,74.015788,194,"L",30.7707049965777,30,"Spain","Mens"
"ESP","Guillermo Garcia-Lopez",28,4,1,8,"2014-08-23 14:46:59",1983-06-04,74.015788,180,"R",31.2197125256674,31,"Spain","Mens"
"FIN","Jarkko Nieminen",NA,61,1,122,"2014-08-23 14:46:59",1981-07-23,72.834685,172,"L",33.0841889117043,33,"Finland","Mens"
"FRA","Adrian Mannarino",NA,58,1,116,"2014-08-23 14:46:59",1988-06-29,72.047283,152,"L",26.1492128678987,26,"France","Mens"
"FRA","Benoit Paire",NA,12,1,23,"2014-08-23 14:46:59",1989-05-08,77.165396,176,"R",25.2922655715264,25,"France","Mens"
"FRA","Kenny De Schepper",NA,40,1,79,"2014-08-23 14:46:59",1987-05-29,79.921303,225,"L",27.2361396303901,27,"France","Mens"
"FRA","Gael Monfils",20,53,1,105,"2014-08-23 14:46:59",1986-09-01,75.984293,177,"R",27.9753593429158,27,"France","Mens"
"FRA","Jeremy Chardy",30,20,1,40,"2014-08-23 14:46:59",1987-02-12,74.015788,165,"R",27.5263518138261,27,"France","Mens"
"FRA","Gilles Simon",26,45,1,89,"2014-08-23 14:46:59",1984-12-27,72.047283,154,"R",29.6536618754278,29,"France","Mens"
"FRA","Jo-Wilfried Tsonga",9,9,1,17,"2014-08-23 14:46:59",1985-04-17,74.015788,200,"R",29.3497604380561,29,"France","Mens"
"FRA","Nicolas Mahut",NA,18,1,36,"2014-08-23 14:46:59",1982-01-21,74.80319,176,"R",32.5859000684463,32,"France","Mens"
"FRA","Richard Gasquet",12,56,1,112,"2014-08-23 14:46:59",1986-06-18,72.834685,165,"R",28.1806981519507,28,"France","Mens"
"FRA","Julien Benneteau",24,12,1,24,"2014-08-23 14:46:59",1981-12-20,72.834685,174,"R",32.6735112936345,32,"France","Mens"
"FRA","Paul-Henri Mathieu",NA,2,1,4,"2014-08-23 14:46:59",1982-01-12,72.834685,163,"R",32.6105407255305,32,"France","Mens"
"FRA","Michael Llodra",NA,6,1,11,"2014-08-23 14:46:59",1980-05-18,74.80319,176,"L",34.2642026009582,34,"France","Mens"
"FRA","Edouard Roger-Vasselin",NA,24,1,47,"2014-08-23 14:46:59",1983-11-28,74.015788,165,"R",30.735112936345,30,"France","Mens"
"GBR","Andy Murray",8,16,1,32,"2014-08-23 14:46:59",1987-05-15,74.80319,185,"R",27.27446954141,27,"Great Britain","Mens"
"GER","Jan-Lennard Struff",NA,7,1,14,"2014-08-23 14:46:59",1990-04-25,77.165396,192,"R",24.3285420944559,24,"Germany","Mens"
"GER","Matthias Bachinger",NA,15,1,29,"2014-08-23 14:46:59",1987-04-02,74.015788,183,"R",27.3921971252567,27,"Germany","Mens"
"GER","Dustin Brown",NA,47,1,94,"2014-08-23 14:46:59",1984-12-08,77.165396,172,"R",29.7056810403833,29,"Germany","Mens"
"GER","Philipp Kohlschreiber",22,5,1,9,"2014-08-23 14:46:59",1983-10-16,70.078778,154,"R",30.8528405201916,30,"Germany","Mens"
"GER","Benjamin Becker",NA,31,1,62,"2014-08-23 14:46:59",1981-06-16,70.078778,158,"R",33.1854893908282,33,"Germany","Mens"
"GER","Andreas Beck",NA,11,1,22,"2014-08-23 14:46:59",1986-02-05,74.80319,198,"L",28.5448323066393,28,"Germany","Mens"
"GER","Peter Gojowczyk",NA,31,1,61,"2014-08-23 14:46:59",1989-07-15,72.834685,183,"R",25.1060917180014,25,"Germany","Mens"
"GER","Tobias Kamke",NA,27,1,54,"2014-08-23 14:46:59",1986-05-21,70.078778,163,"R",28.2573579739904,28,"Germany","Mens"
"IRL","James McGee",NA,10,1,19,"2014-08-23 14:46:59",1987-06-10,72,176,"R",27.2032854209446,27,"Ireland","Mens"
"ISR","Dudi Sela",NA,50,1,100,"2014-08-23 14:46:59",1985-04-04,68.897675,144,"R",29.3853524982888,29,"Israel","Mens"
"ITA","Andreas Seppi",NA,22,1,44,"2014-08-23 14:46:59",1984-02-21,74.80319,165,"R",30.5023956194387,30,"Italy","Mens"
"ITA","Paolo Lorenzi",NA,55,1,110,"2014-08-23 14:46:59",1981-12-15,72.047283,169,"R",32.6872005475702,32,"Italy","Mens"
"ITA","Simone Bolelli",NA,23,1,45,"2014-08-23 14:46:59",1985-10-08,72.047283,174,"R",28.8733744010951,28,"Italy","Mens"
"ITA","Fabio Fognini",15,57,1,113,"2014-08-23 14:46:59",1987-05-24,70.078778,163,"R",27.2498288843258,27,"Italy","Mens"
"JPN","Taro Daniel",NA,32,1,63,"2014-08-23 14:46:59",1993-01-27,75,168,"R",21.5687885010267,21,"Japan","Mens"
"JPN","Yoshihito Nishioka",NA,55,1,109,"2014-08-23 14:46:59",1995-09-27,67,138,"R",18.9048596851472,18,"Japan","Mens"
"JPN","Kei Nishikori",10,25,1,49,"2014-08-23 14:46:59",1989-12-29,70.078778,150,"R",24.6488706365503,24,"Japan","Mens"
"JPN","Tatsuma Ito",NA,38,1,76,"2014-08-23 14:46:59",1988-05-18,70.86618,165,"R",26.2642026009582,26,"Japan","Mens"
"KAZ","Aleksandr Nedovyesov",NA,10,1,20,"2014-08-23 14:46:59",1987-02-15,75.984293,183,"R",27.5181382614647,27,"Kazakhstan","Mens"
"KAZ","Andrey Golubev",NA,57,1,114,"2014-08-23 14:46:59",1987-07-22,72.834685,170,"R",27.088295687885,27,"Kazakhstan","Mens"
"KAZ","Mikhail Kukushkin",NA,7,1,13,"2014-08-23 14:46:59",1987-12-26,72.047283,159,"R",26.6584531143053,26,"Kazakhstan","Mens"
"LAT","Ernests Gulbis",11,40,1,80,"2014-08-23 14:46:59",1988-08-30,74.80319,187,"R",25.9794661190965,25,"Latvia","Mens"
"LUX","Gilles Muller",NA,2,1,3,"2014-08-23 14:46:59",1983-05-09,75.984293,202,"L",31.2908966461328,31,"Luxembourg","Mens"
"MDA","Radu Albot",NA,45,1,90,"2014-08-23 14:46:59",1989-11-11,69,154,"R",24.7802874743326,24,"Moldova","Mens"
"NED","Robin Haase",NA,16,1,31,"2014-08-23 14:46:59",1987-04-06,74.80319,170,"R",27.3812457221081,27,"Netherlands","Mens"
"NED","Igor Sijsling",NA,30,1,60,"2014-08-23 14:46:59",1987-08-18,74.80319,192,"R",27.0143737166324,27,"Netherlands","Mens"
"POL","Jerzy Janowicz",NA,43,1,85,"2014-08-23 14:46:59",1990-11-13,79.921303,200,"R",23.7754962354552,23,"Poland","Mens"
"POR","Joao Sousa",32,52,1,104,"2014-08-23 14:46:59",1989-03-30,72.834685,161,"R",25.3990417522245,25,NA,"Mens"
"RSA","Kevin Anderson",18,44,1,88,"2014-08-23 14:46:59",1986-05-18,79.921303,197,"R",28.2655715263518,28,"South Africa","Mens"
"RUS","Dmitry Tursunov",NA,54,1,108,"2014-08-23 14:46:59",1982-12-12,72.834685,180,"R",31.6960985626283,31,"Russia","Mens"
"RUS","Alexander Kudryavtsev",NA,35,1,70,"2014-08-23 14:46:59",1985-10-26,72,165,"R",28.8240930869268,28,"Russia","Mens"
"RUS","Andrey Kuznetsov",NA,14,1,28,"2014-08-23 14:46:59",1991-02-22,72.834685,156,"R",23.4989733059548,23,"Russia","Mens"
"RUS","Evgeny Donskoy",NA,35,1,69,"2014-08-23 14:46:59",1990-05-09,72.834685,163,"R",24.290212183436,24,"Russia","Mens"
"RUS","Mikhail Youzhny",21,21,1,41,"2014-08-23 14:46:59",1982-06-25,72.047283,160,"R",32.1615331964408,32,"Russia","Mens"
"RUS","Teymuraz Gabashvili",NA,36,1,71,"2014-08-23 14:46:59",1985-05-23,74.015788,182,"R",29.2511978097194,29,"Russia","Mens"
"SLO","Blaz Kavcic",NA,19,1,37,"2014-08-23 14:46:59",1987-03-05,74.015788,174,"R",27.4688569472964,27,"Slovakia","Mens"
"SLO","Blaz Rola",NA,13,1,26,"2014-08-23 14:46:59",1990-10-05,75.984293,175,"L",23.8822724161533,23,"Slovakia","Mens"
"SRB","Dusan Lajovic",NA,43,1,86,"2014-08-23 14:46:59",1990-06-30,72.047283,174,"R",24.1478439425051,24,"Serbia","Mens"
"SRB","Novak Djokovic",1,1,1,1,"2014-08-23 14:46:59",1987-05-22,74.015788,176,"R",27.2553045859001,27,"Serbia","Mens"
"SRB","Filip Krajinovic",NA,59,1,117,"2014-08-23 14:46:59",1992-02-27,73,165,"R",22.4859685147159,22,"Serbia","Mens"
"SUI","Marco Chiudinelli",NA,42,1,84,"2014-08-23 14:46:59",1981-09-10,74.015788,174,"R",32.9500342231348,32,"Switzerland","Mens"
"SUI","Roger Federer",2,64,1,128,"2014-08-23 14:46:59",1981-08-08,72.834685,187,"R",33.0403832991102,33,"Switzerland","Mens"
"SUI","Stan Wawrinka",3,17,1,33,"2014-08-23 14:46:59",1985-03-28,72.047283,179,"R",29.4045174537988,29,"Switzerland","Mens"
"SVK","Lukas Lacko",NA,39,1,77,"2014-08-23 14:46:59",1987-11-03,72.834685,188,"R",26.8035592060233,26,"Slovakia","Mens"
"SVK","Martin Klizan",NA,34,1,68,"2014-08-23 14:46:59",1989-07-11,74.015788,165,"L",25.1170431211499,25,"Slovakia","Mens"
"TPE","Yen-Hsun Lu",NA,4,1,7,"2014-08-23 14:46:59",1983-08-14,70.86618,163,"R",31.025325119781,31,"Taiwan","Mens"
"UKR","Illya Marchenko",NA,42,1,83,"2014-08-23 14:46:59",1987-09-08,72.834685,172,"R",26.9568788501027,26,"Ukraine","Mens"
"UKR","Sergiy Stakhovsky",NA,22,1,43,"2014-08-23 14:46:59",1986-01-06,75.984293,176,"R",28.6269678302532,28,"Ukraine","Mens"
"URU","Pablo Cuevas",NA,44,1,87,"2014-08-23 14:46:59",1986-01-01,70.86618,176,"R",28.6406570841889,28,"Uruguay","Mens"
"USA","Tim Smyczek",NA,59,1,118,"2014-08-23 14:46:59",1987-12-30,68.897675,160,"R",26.6475017111567,26,"USA","Mens"
"USA","Steve Johnson",NA,38,1,75,"2014-08-23 14:46:59",1989-12-24,74.015788,190,"R",24.662559890486,24,"USA","Mens"
"USA","Ryan Harrison",NA,49,1,98,"2014-08-23 14:46:59",1992-05-07,74.015788,185,"R",22.2943189596167,22,"USA","Mens"
"USA","Donald Young",NA,19,1,38,"2014-08-23 14:46:59",1989-07-23,72.047283,175,"L",25.0841889117043,25,"USA","Mens"
"USA","Jared Donaldson",NA,53,1,106,"2014-08-23 14:46:59",1996-10-09,74,155,"R",17.8699520876112,17,"USA","Mens"
"USA","Bradley Klahn",NA,14,1,27,"2014-08-23 14:46:59",1990-08-20,72.047283,165,"L",24.0082135523614,24,"USA","Mens"
"USA","Wayne Odesnik",NA,25,1,50,"2014-08-23 14:46:59",1985-11-21,70.86618,170,"L",28.7529089664613,28,"USA","Mens"
"USA","Noah Rubin",NA,46,1,91,"2014-08-23 14:46:59",1996-02-21,69,145,"R",18.5023956194387,18,"USA","Mens"
"USA","Sam Querrey",NA,3,1,6,"2014-08-23 14:46:59",1987-10-07,77.952798,200,"R",26.8774811772758,26,"USA","Mens"
"USA","Jack Sock",NA,26,1,52,"2014-08-23 14:46:59",1992-09-24,72.834685,180,"R",21.9110198494182,21,"USA","Mens"
"USA","Marcos Giron",NA,8,1,15,"2014-08-23 14:46:59",1993-07-24,71,165,"R",21.0814510609172,21,"USA","Mens"
"USA","John Isner",13,8,1,16,"2014-08-23 14:46:59",1985-04-26,81.889808,238,"R",29.3251197809719,29,"USA","Mens"
"UZB","Denis Istomin",NA,56,1,111,"2014-08-23 14:46:59",1986-09-07,74.015788,194,"R",27.958932238193,27,"Uzbekistan","Mens"
"ARG","Paula Ormaechea",NA,45,1,90,"2014-08-23 14:48:09",1992-09-28,67,126,"R",21.9000684462697,21,"Argentina","Ladies"
"AUS","Ajla Tomljanovic",NA,8,1,15,"2014-08-23 14:48:09",1993-05-07,61,148,"R",21.2950034223135,21,"Australia","Ladies"
"AUS","Jarmila Gajdosova",NA,20,1,39,"2014-08-23 14:48:09",1987-04-26,67,148,"R",27.3264887063655,27,"Australia","Ladies"
"AUS","Ashleigh Barty",NA,29,1,58,"2014-08-23 14:48:09",1996-04-24,65,137,"R",18.3299110198494,18,"Australia","Ladies"
"AUS","Samantha Stosur",24,5,1,9,"2014-08-23 14:48:09",1984-03-30,69,150,"R",30.3983572895277,30,"Australia","Ladies"
"AUS","Anastasia Rodionova",NA,58,1,115,"2014-08-23 14:48:09",1982-05-12,65,130,"R",32.2819986310746,32,"Australia","Ladies"
"AUS","Casey Dellacqua",29,13,1,25,"2014-08-23 14:48:09",1985-02-11,65,146,"L",29.5277207392197,29,"Australia","Ladies"
"AUT","Patricia Mayr-Achleitner",NA,13,1,26,"2014-08-23 14:48:09",1986-11-08,67,132,"R",27.7891854893908,27,"Austria","Ladies"
"AUT","Yvonne Meusburger",NA,15,1,30,"2014-08-23 14:48:09",1983-10-03,69,132,"R",30.8884325804244,30,"Austria","Ladies"
"BEL","Alison Van Uytvanck",NA,3,1,6,"2014-08-23 14:48:09",1994-03-26,68,139,"R",20.4106776180698,20,"Belgium","Ladies"
"BEL","Kirsten Flipkens",NA,57,1,114,"2014-08-23 14:48:09",1986-01-10,65,121,"R",28.6160164271047,28,"Belgium","Ladies"
"BEL","Yanina Wickmayer",NA,35,1,70,"2014-08-23 14:48:09",1989-10-20,NA,150,"R",24.8405201916496,24,"Belgium","Ladies"
"BLR","Olga Govortsova",NA,32,1,63,"2014-08-23 14:48:09",1988-08-23,NA,148,"R",25.9986310746064,25,"Belarus","Ladies"
"BLR","Victoria Azarenka",16,24,1,48,"2014-08-23 14:48:09",1989-07-31,NA,154,"R",25.0622861054073,25,"Belarus","Ladies"
"BLR","Aliaksandra Sasnovich",NA,55,1,110,"2014-08-23 14:48:09",1994-03-22,NA,NA,"R",20.4216290212183,20,"Belarus","Ladies"
"BRA","Teliana Pereira",NA,12,1,23,"2014-08-23 14:48:09",1988-07-20,66,137,"R",26.0917180013689,26,"Brazil","Ladies"
"BUL","Tsvetana Pironkova",NA,39,1,78,"2014-08-23 14:48:09",1987-09-13,61,143,"R",26.943189596167,26,"Bulgaria","Ladies"
"CAN","Aleksandra Wozniak",NA,36,1,71,"2014-08-23 14:48:09",1987-09-07,69,132,"R",26.9596167008898,26,"Canada","Ladies"
"CAN","Eugenie Bouchard",7,32,1,64,"2014-08-23 14:48:09",1994-02-25,61,134,"R",20.4900752908966,20,"Canada","Ladies"
"CAN","Francoise Abanda",NA,52,1,103,"2014-08-23 14:48:09",1997-02-15,71,NA,"R",17.5167693360712,17,"Canada","Ladies"
"CAN","Sharon Fichman",NA,48,1,95,"2014-08-23 14:48:09",1990-12-03,64,125,"R",23.7207392197125,23,"Canada","Ladies"
"CHN","Shuai Peng",NA,47,1,93,"2014-08-23 14:48:09",1986-01-08,61,135,"R",28.621492128679,28,"China","Ladies"
"CHN","Shuai Zhang",32,4,1,8,"2014-08-23 14:48:09",1989-01-21,61,143,"R",25.5852156057495,25,"China","Ladies"
"CHN","Jie Zheng",NA,47,1,94,"2014-08-23 14:48:09",1983-07-05,64,126,"R",31.1348391512663,31,"China","Ladies"
"CHN","Qiang Wang",NA,14,1,28,"2014-08-23 14:48:09",1992-01-14,69,NA,"R",22.6064339493498,22,"China","Ladies"
"CHN","Ying-Ying Duan",NA,34,1,67,"2014-08-23 14:48:09",1989-06-03,73,185,"R",25.2210814510609,25,"China","Ladies"
"CHN","Saisai Zheng",NA,42,1,83,"2014-08-23 14:48:09",1994-02-05,67,NA,"R",20.5448323066393,20,"China","Ladies"
"CRO","Donna Vekic",NA,7,1,14,"2014-08-23 14:48:09",1996-06-28,61,141,"R",18.1519507186858,18,"Croatia","Ladies"
"CRO","Mirjana Lucic-Baroni",NA,61,1,122,"2014-08-23 14:48:09",1982-03-09,61,145,"R",32.4572210814511,32,"Croatia","Ladies"
"CZE","Petra Kvitova",3,17,1,33,"2014-08-23 14:48:09",1990-03-08,NA,154,"L",24.4599589322382,24,"Czech Republic","Ladies"
"CZE","Lucie Safarova",14,41,1,81,"2014-08-23 14:48:09",1987-02-04,69,137,"L",27.5482546201232,27,"Czech Republic","Ladies"
"CZE","Kristyna Pliskova",NA,50,1,99,"2014-08-23 14:48:09",1992-03-21,NA,161,"L",22.4229979466119,22,"Czech Republic","Ladies"
"CZE","Petra Cetkovska",NA,18,1,36,"2014-08-23 14:48:09",1985-02-08,68,141,"R",29.5359342915811,29,"Czech Republic","Ladies"
"CZE","Barbora Zahlavova Strycova",30,29,1,57,"2014-08-23 14:48:09",1986-03-28,64,132,"R",28.4052019164955,28,"Czech Republic","Ladies"
"CZE","Tereza Smitkova",NA,54,1,107,"2014-08-23 14:48:09",1994-10-10,69,139,"R",19.8685831622177,19,"Czech Republic","Ladies"
"CZE","Karolina Pliskova",NA,15,1,29,"2014-08-23 14:48:09",1992-03-21,73,159,"R",22.4229979466119,22,"Czech Republic","Ladies"
"CZE","Klara Koukalova",NA,18,1,35,"2014-08-23 14:48:09",1982-02-24,65,121,"R",32.4928131416838,32,"Czech Republic","Ladies"
"DEN","Caroline Wozniacki",10,56,1,112,"2014-08-23 14:48:09",1990-07-11,61,139,"R",24.1177275838467,24,"Denmark","Ladies"
"ESP","Carla Suarez Navarro",15,8,1,16,"2014-08-23 14:48:09",1988-09-03,64,137,"R",25.968514715948,25,"Spain","Ladies"
"ESP","Garbine Muguruza",25,61,1,121,"2014-08-23 14:48:09",1993-10-08,NA,161,"R",20.8733744010951,20,"Spain","Ladies"
"ESP","Maria Teresa Torro Flor",NA,63,1,126,"2014-08-23 14:48:09",1992-05-02,61,137,"R",22.3080082135524,22,"Spain","Ladies"
"ESP","Silvia Soler-Espinosa",NA,46,1,92,"2014-08-23 14:48:09",1987-11-19,67,134,"R",26.7597535934292,26,"Spain","Ladies"
"EST","Kaia Kanepi",NA,6,1,12,"2014-08-23 14:48:09",1985-06-10,61,163,"R",29.201916495551,29,"Estonia","Ladies"
"FRA","Amandine Hesse",NA,44,1,87,"2014-08-23 14:48:09",1993-01-16,65,121,"R",21.5989048596851,21,"France","Ladies"
"FRA","Kristina Mladenovic",NA,17,1,34,"2014-08-23 14:48:09",1993-05-14,NA,132,"R",21.2758384668036,21,"France","Ladies"
"FRA","Virginie Razzano",NA,38,1,75,"2014-08-23 14:48:09",1983-05-12,69,148,"R",31.2826830937714,31,"France","Ladies"
"FRA","Alize Cornet",22,44,1,88,"2014-08-23 14:48:09",1990-01-22,68,139,"R",24.5831622176591,24,"France","Ladies"
"FRA","Caroline Garcia",NA,11,1,22,"2014-08-23 14:48:09",1993-10-16,61,134,"R",20.8514715947981,20,"France","Ladies"
"FRA","Pauline Parmentier",NA,6,1,11,"2014-08-23 14:48:09",1986-01-31,69,135,"R",28.5585215605749,28,"France","Ladies"
"GBR","Johanna Konta",NA,62,1,123,"2014-08-23 14:48:09",1991-05-17,61,154,"R",23.2689938398357,23,"Great Britain","Ladies"
"GBR","Heather Watson",NA,31,1,62,"2014-08-23 14:48:09",1992-05-19,67,138,"R",22.2614647501711,22,"Great Britain","Ladies"
"GER","Sabine Lisicki",26,52,1,104,"2014-08-23 14:48:09",1989-09-22,61,154,"R",24.9171800136893,24,"Germany","Ladies"
"GER","Annika Beck",NA,37,1,74,"2014-08-23 14:48:09",1994-02-16,67,130,"R",20.5147159479808,20,"Germany","Ladies"
"GER","Angelique Kerber",6,33,1,65,"2014-08-23 14:48:09",1988-01-18,68,150,"L",26.5954825462012,26,"Germany","Ladies"
"GER","Julia Goerges",NA,9,1,18,"2014-08-23 14:48:09",1988-11-02,61,154,"R",25.8042436687201,25,"Germany","Ladies"
"GER","Mona Barthel",NA,4,1,7,"2014-08-23 14:48:09",1990-07-11,73,152,"R",24.1177275838467,24,"Germany","Ladies"
"GER","Andrea Petkovic",18,53,1,105,"2014-08-23 14:48:09",1987-09-09,61,152,"R",26.9541409993155,26,"Germany","Ladies"
"HUN","Timea Babos",NA,41,1,82,"2014-08-23 14:48:09",1993-05-10,61,150,"R",21.2867898699521,21,"Hungary","Ladies"
"ISR","Julia Glushko",NA,51,1,101,"2014-08-23 14:48:09",1990-01-01,67,137,"R",24.6406570841889,24,"Israel","Ladies"
"ISR","Shahar Peer",NA,62,1,124,"2014-08-23 14:48:09",1987-05-01,67,132,"R",27.3127994524298,27,"Israel","Ladies"
"ITA","Camila Giorgi",NA,58,1,116,"2014-08-23 14:48:09",1991-12-31,66,119,"R",22.6447638603696,22,"Italy","Ladies"
"ITA","Francesca Schiavone",NA,2,1,3,"2014-08-23 14:48:09",1980-06-23,65,132,"R",34.1656399726215,34,"Italy","Ladies"
"ITA","Karin Knapp",NA,39,1,77,"2014-08-23 14:48:09",1987-06-28,61,159,"R",27.1540041067762,27,"Italy","Ladies"
"ITA","Roberta Vinci",28,45,1,89,"2014-08-23 14:48:09",1983-02-18,64,132,"R",31.5099247091034,31,"Italy","Ladies"
"ITA","Flavia Pennetta",11,9,1,17,"2014-08-23 14:48:09",1982-02-25,67,128,"R",32.4900752908966,32,"Italy","Ladies"
"ITA","Sara Errani",13,57,1,113,"2014-08-23 14:48:09",1987-04-29,64,132,"R",27.3182751540041,27,"Italy","Ladies"
"JPN","Kurumi Nara",31,36,1,72,"2014-08-23 14:48:09",1991-12-30,61,117,"R",22.6475017111567,22,"Japan","Ladies"
"JPN","Kimiko Date-Krumm",NA,60,1,119,"2014-08-23 14:48:09",1970-09-28,64,117,"R",43.9014373716632,43,"Japan","Ladies"
"JPN","Misaki Doi",NA,24,1,47,"2014-08-23 14:48:09",1991-04-29,63,121,"L",23.3182751540041,23,"Japan","Ladies"
"KAZ","Yaroslava Shvedova",NA,30,1,59,"2014-08-23 14:48:09",1987-09-12,61,154,"R",26.9459274469541,26,"Kazakhstan","Ladies"
"KAZ","Zarina Diyas",NA,26,1,51,"2014-08-23 14:48:09",1993-10-18,68,141,"R",20.8459958932238,20,"Kazakhstan","Ladies"
"NED","Kiki Bertens",NA,59,1,117,"2014-08-23 14:48:09",1991-12-10,NA,163,"R",22.7022587268994,22,"Netherlands","Ladies"
"NZL","Marina Erakovic",NA,21,1,42,"2014-08-23 14:48:09",1988-03-06,69,143,"R",26.4640657084189,26,"New Zealand","Ladies"
"POL","Agnieszka Radwanska",4,48,1,96,"2014-08-23 14:48:09",1989-03-06,68,123,"R",25.4647501711157,25,"Poland","Ladies"
"POL","Paula Kania",NA,14,1,27,"2014-08-23 14:48:09",1992-11-06,66,127,"R",21.7932922655715,21,"Poland","Ladies"
"POL","Katarzyna Piter",NA,19,1,38,"2014-08-23 14:48:09",1991-02-16,68,123,"R",23.5154004106776,23,"Poland","Ladies"
"PUR","Monica Puig",NA,54,1,108,"2014-08-23 14:48:09",1993-09-27,67,140,"R",20.9034907597536,20,"Puerto Rico","Ladies"
"ROU","Sorana Cirstea",NA,31,1,61,"2014-08-23 14:48:09",1990-04-07,69,130,"R",24.3778234086242,24,"Romania","Ladies"
"ROU","Monica Niculescu",NA,30,1,60,"2014-08-23 14:48:09",1987-09-25,66,139,"R",26.9103353867214,26,"Romania","Ladies"
"ROU","Simona Halep",2,64,1,128,"2014-08-23 14:48:09",1991-09-27,66,132,"R",22.9048596851472,22,"Romania","Ladies"
"ROU","Alexandra Dulgheru",NA,50,1,100,"2014-08-23 14:48:09",1989-05-30,68,134,"R",25.2320328542094,25,"Romania","Ladies"
"ROU","Irina-Camelia Begu",NA,46,1,91,"2014-08-23 14:48:09",1990-08-26,61,148,"R",23.9917864476386,23,"Romania","Ladies"
"RSA","Chanelle Scheepers",NA,23,1,45,"2014-08-23 14:48:09",1984-03-13,69,146,"R",30.444900752909,30,"South Africa","Ladies"
"RUS","Ksenia Pervak",NA,33,1,66,"2014-08-23 14:48:09",1991-05-27,67,132,"L",23.2416153319644,23,"Russia","Ladies"
"RUS","Maria Kirilenko",NA,49,1,98,"2014-08-23 14:48:09",1987-01-25,69,134,"R",27.5756331279945,27,"Russia","Ladies"
"RUS","Anastasia Pavlyuchenkova",23,12,1,24,"2014-08-23 14:48:09",1991-07-03,61,159,"R",23.1403148528405,23,"Russia","Ladies"
"RUS","Maria Sharapova",5,49,1,97,"2014-08-23 14:48:09",1987-04-19,74,130,"A",27.3456536618754,27,"Russia","Ladies"
"RUS","Alla Kudryavtseva",NA,34,1,68,"2014-08-23 14:48:09",1987-11-03,61,154,"R",26.8035592060233,26,"Russia","Ladies"
"RUS","Elena Vesnina",NA,22,1,43,"2014-08-23 14:48:09",1986-08-01,67,143,"R",28.0602327173169,28,"Russia","Ladies"
"RUS","Svetlana Kuznetsova",20,21,1,41,"2014-08-23 14:48:09",1985-06-27,NA,161,"R",29.1553730321697,29,"Russia","Ladies"
"RUS","Ekaterina Makarova",17,28,1,56,"2014-08-23 14:48:09",1988-06-07,61,143,"L",26.2094455852156,26,"Russia","Ladies"
"SLO","Polona Hercog",NA,27,1,54,"2014-08-23 14:48:09",1991-01-20,NA,154,"R",23.5893223819302,23,"Slovakia","Ladies"
"SRB","Ana Ivanovic",8,16,1,32,"2014-08-23 14:48:09",1987-11-06,NA,152,"R",26.7953456536619,26,"Serbia","Ladies"
"SRB","Jelena Jankovic",9,40,1,80,"2014-08-23 14:48:09",1985-02-28,69,130,"R",29.4811772758385,29,"Serbia","Ladies"
"SRB","Bojana Jovanovski",NA,40,1,79,"2014-08-23 14:48:09",1991-12-31,69,143,"R",22.6447638603696,22,"Serbia","Ladies"
"SRB","Aleksandra Krunic",NA,19,1,37,"2014-08-23 14:48:09",1993-03-15,66,106,"R",21.4401095140315,21,"Serbia","Ladies"
"SUI","Stefanie Voegele",NA,42,1,84,"2014-08-23 14:48:09",1990-03-10,67,132,"R",24.4544832306639,24,"Switzerland","Ladies"
"SUI","Belinda Bencic",NA,35,1,69,"2014-08-23 14:48:09",1997-03-10,NA,NA,"R",17.4537987679671,17,"Switzerland","Ladies"
"SUI","Romina Oprandi",NA,43,1,85,"2014-08-23 14:48:09",1986-03-29,66,143,"R",28.4024640657084,28,"Switzerland","Ladies"
"SUI","Timea Bacsinszky",NA,59,1,118,"2014-08-23 14:48:09",1989-06-08,67,137,"R",25.2073921971253,25,"Switzerland","Ladies"
"SVK","Jana Cepelova",NA,63,1,125,"2014-08-23 14:48:09",1993-05-29,66,132,"R",21.2347707049966,21,"Slovakia","Ladies"
"SVK","Dominika Cibulkova",12,25,1,49,"2014-08-23 14:48:09",1989-05-06,63,121,"R",25.2977412731006,25,"Slovakia","Ladies"
"SVK","Anna Schmiedlova",NA,55,1,109,"2014-08-23 14:48:09",1994-09-13,69,139,"R",19.9425051334702,19,"Slovakia","Ladies"
"SVK","Magdalena Rybarikova",NA,56,1,111,"2014-08-23 14:48:09",1988-10-04,61,143,"R",25.8836413415469,25,"Slovakia","Ladies"
"SVK","Daniela Hantuchova",NA,43,1,86,"2014-08-23 14:48:09",1983-04-23,61,137,"R",31.3347022587269,31,"Slovakia","Ladies"
"SWE","Johanna Larsson",NA,38,1,76,"2014-08-23 14:48:09",1988-08-17,69,146,"R",26.0150581793292,26,"Sweden","Ladies"
"TPE","Yung-Jan Chan",NA,22,1,44,"2014-08-23 14:48:09",1989-08-17,67,132,"R",25.015742642026,25,"Taiwan","Ladies"
"TUN","Ons Jabeur",NA,53,1,106,"2014-08-23 14:48:09",1994-08-28,66,146,"R",19.9863107460643,19,"Tunisia","Ladies"
"UKR","Elina Svitolina",NA,27,1,53,"2014-08-23 14:48:09",1994-09-12,69,132,"R",19.9452429842574,19,"Ukraine","Ladies"
"UKR","Maryna Zanevska",NA,10,1,20,"2014-08-23 14:48:09",1993-08-24,69,130,"R",20.9965776865161,20,"Ukraine","Ladies"
"UKR","Lesia Tsurenko",NA,26,1,52,"2014-08-23 14:48:09",1989-05-30,69,148,"R",25.2320328542094,25,"Ukraine","Ladies"
"USA","Christina McHale",NA,23,1,46,"2014-08-23 14:48:09",1992-05-11,67,137,"R",22.2833675564682,22,"USA","Ladies"
"USA","Alison Riske",NA,16,1,31,"2014-08-23 14:48:09",1990-07-03,69,145,"R",24.1396303901437,24,"USA","Ladies"
"USA","Shelby Rogers",NA,10,1,19,"2014-08-23 14:48:09",1992-10-13,69,155,"R",21.8590006844627,21,"USA","Ladies"
"USA","Vania King",NA,2,1,4,"2014-08-23 14:48:09",1989-02-03,65,130,"R",25.5496235455168,25,"USA","Ladies"
"USA","Nicole Gibbs",NA,11,1,21,"2014-08-23 14:48:09",1992-03-03,66,141,"R",22.4722792607803,22,"USA","Ladies"
"USA","Sloane Stephens",21,37,1,73,"2014-08-23 14:48:09",1993-03-20,67,135,"R",21.4264202600958,21,"USA","Ladies"
"USA","Venus Williams",19,60,1,120,"2014-08-23 14:48:09",1980-06-17,73,160,"R",34.1820670773443,34,"USA","Ladies"
"USA","Serena Williams",1,1,1,1,"2014-08-23 14:48:09",1981-09-26,69,155,"R",32.9062286105407,32,"USA","Ladies"
"USA","Danielle Rose Collins",NA,64,1,127,"2014-08-23 14:48:09",1993-12-13,NA,NA,NA,20.6926762491444,20,"USA","Ladies"
"USA","Grace Min",NA,28,1,55,"2014-08-23 14:48:09",1994-05-06,66,140,"R",20.2984257357974,20,"USA","Ladies"
"USA","Coco Vandeweghe",NA,7,1,13,"2014-08-23 14:48:09",1991-12-06,73,155,"R",22.7132101300479,22,"USA","Ladies"
"USA","Catherine Bellis",NA,25,1,50,"2014-08-23 14:48:09",1999-04-08,NA,NA,"R",15.3757700205339,15,"USA","Ladies"
"USA","Madison Keys",27,20,1,40,"2014-08-23 14:48:09",1995-02-17,61,145,"R",19.5126625598905,19,"USA","Ladies"
"USA","Lauren Davis",NA,5,1,10,"2014-08-23 14:48:09",1993-10-09,62,121,"R",20.870636550308,20,"USA","Ladies"
"USA","Taylor Townsend",NA,1,1,2,"2014-08-23 14:48:09",1996-04-06,67,170,"L",18.3791923340178,18,"USA","Ladies"
"USA","Varvara Lepchenko",NA,3,1,5,"2014-08-23 14:48:09",1986-05-21,61,159,"L",28.2573579739904,28,"USA","Ladies"
"USA","Madison Brengle",NA,51,1,102,"2014-08-23 14:48:09",1990-04-03,64,130,"R",24.3887748117728,24,"USA","Ladies"
